Motif,Occurrences,StrandBiasScore,ERD
GTCA,23177,14.9572326028,0.028489189375
CAGT,26011,7.81782810991,0.0189634705211
TCAT,28949,15.1091618742,0.0172979753684
AGGT,18722,8.43120353638,0.0153463493889
TGGT,34126,10.0559779869,0.013653246799
TGGA,22073,5.11106943585,0.0102066407942
CTTG,32809,5.08761100165,0.00995487145358
GGAA,18973,6.83421439978,0.00961724345534
AGAG,20951,4.82609392105,0.0090304632159
AAGG,22805,7.70859903059,0.00889227794936
GGGT,16100,5.0350708454,0.00868637277098
TCAG,27680,6.20067387919,0.00828351613806
TNGA,100153,11.5331042863,0.00732056114447
NGGT,93536,12.9787187908,0.00727138672399
TCNT,87721,8.14870951755,0.00654021927805
TCGA,24184,4.50792275496,0.00604483657079
NCGA,91764,4.97545360144,0.00583864956681
GTCN,62128,4.73657717856,0.00567592887923
GNGT,79342,9.26489739368,0.00541377034556
GCGN,116914,8.03116256405,0.0051656035223
GGCG,28677,4.71581412761,0.00466430159306
TGGN,114603,8.26975691337,0.00441810269512
NNGT,336460,11.0495046457,0.00433283126642
CTNG,81974,4.86922270032,0.00407353925669
TCAN,127512,4.40910625266,0.00403018129567
ANGG,78763,4.20359550728,0.00382937981455
NGGA,60164,7.31285569194,0.00375802830822
GCGG,26144,4.59516291364,0.00333887478293
GGGN,52492,6.57577542382,0.00326184368894
NGGN,303957,15.1626034962,0.00310085530453
NAGG,60920,4.13207419732,0.00299328336632
NNGA,362920,4.53712717133,0.00259286586753
AANG,112778,4.19819630581,0.00245805482998
GNGN,343086,7.16560487663,0.00229799992554
CNGN,353658,5.16263873805,0.00202266978912
TGNN,443304,4.49729648962,0.00195890216057
GNCG,87173,4.42830199145,0.00181868856212
NCGN,361360,4.23179905884,0.00165686767159
