Motif,Occurrences,StrandBiasScore,ERD
CGGCGGGT,93,104.728309182,0.165957487898
TGGCGGGT,77,65.2271252912,0.119137568498
NGGCGGGT,259,162.251339263,0.111926962678
CGGNGGGT,150,106.191276792,0.107353340576
GGCGGGGT,60,46.6964841315,0.106832006998
ACGGCGGG,76,47.4019895195,0.099207007708
CGGCAGGT,110,74.9696305678,0.0952966036611
GTGGCGGG,55,29.9035346446,0.0876314912121
CGNCGGGT,194,91.8485241427,0.0872850620331
CGGCNGGT,414,202.219430214,0.0868898576371
ATGGCGGG,158,77.8217372576,0.0745348613228
TGGNGGGT,163,84.1902494775,0.0742458886663
TGGCAGGT,94,48.0842057484,0.0727829913424
AGGCGGGT,47,23.7642760206,0.0705725073886
CGGCGGGN,441,146.778825394,0.0686020530928
GGCGGGCG,89,35.2234495797,0.067675965674
NGGNGGGT,530,182.736349586,0.0649469199743
CGGCTGGT,125,52.1052761143,0.0628120707156
TGGCGGGA,168,58.2746479638,0.0602460184808
TGGCNGGT,346,114.765235685,0.05946825509
NGGCAGGT,345,112.725664844,0.0592842611788
GCGGCGGT,170,62.4507018746,0.0584060124966
GGCGGGTG,61,20.9658281944,0.0583890031872
TGGCGGGN,468,137.952182554,0.0580039023808
NTGGCGGG,468,133.484498703,0.0562962399622
CGGCGGGA,145,46.4927531716,0.0562191904789
ACGTCCCC,37,12.9134705926,0.0561863435034
CNGCGGGT,357,96.8728600121,0.0555362542946
GGNGGGGT,121,43.9393628158,0.0530940985473
NGGCNGGT,1263,9223372036854775807,0.0530752116027
CGGCGGGG,80,21.9087056681,0.0520264046082
TCGGCGGG,109,31.9839310443,0.0506651439759
