Motif,Occurrences,StrandBiasScore,ERD
AGNGGCTGNC,1,8.26382393664,1.0
AGGGGCNGAC,1,8.26382393664,1.0
AGGGNCTGAC,1,8.26382393664,1.0
AGGGGCTGAC,1,8.26382393664,1.0
NGGNGCTGAC,1,8.26382393664,1.0
NGGGGCNGAC,1,8.26382393664,1.0
AGGGNCNGAC,1,8.26382393664,1.0
TTNCAGTCTG,2,8.92822196035,1.0
AGGNGCTGAC,1,8.26382393664,1.0
NGGGGCTGNC,1,8.26382393664,1.0
ANGGGCTGAC,1,8.26382393664,1.0
NNGGGCTGAC,1,8.26382393664,1.0
NGGGNCTGAC,1,8.26382393664,1.0
AGGGGCTGNC,1,8.26382393664,1.0
AGGGGCTNAC,1,8.26382393664,1.0
AGNGGCTGAC,1,8.26382393664,1.0
AGNGGCNGAC,1,8.26382393664,1.0
AGGGGCNGNC,1,8.26382393664,1.0
NGGGGCTNAC,1,8.26382393664,1.0
AGGGGCNNAC,1,8.26382393664,1.0
NGGGGCTGAC,1,8.26382393664,1.0
AGNGNCTGAC,1,8.26382393664,1.0
GNCAACAGTG,1,10.0116667714,1.0
GCCAACAGTG,1,10.0116667714,1.0
GNCANCAGTG,1,10.0116667714,1.0
GCCANCAGTG,1,10.0116667714,1.0
CCCCTTTGGG,1,13.0755360318,1.0
GCNAACAGTG,1,10.0116667714,1.0
CCCCNTTGGG,1,13.0755360318,1.0
CCCCTTTGGN,1,13.0755360318,1.0
