Motif,Occurrences,StrandBiasScore,ERD
ATTACGCNGC,1,8.92822196035,1.0
AACGAGTATA,2,9.51160842035,1.0
ATTACGNTGC,1,8.92822196035,1.0
ATTNCGCTGC,1,8.92822196035,1.0
NTTACGCTGC,1,8.92822196035,1.0
ANTACGCTGC,1,8.92822196035,1.0
NNTACGCTGC,1,8.92822196035,1.0
ATTACGCTGC,1,8.92822196035,1.0
ATTACGCTGN,1,8.92822196035,1.0
TGAGCATAAC,1,9.50381617989,1.0
GGAGATGAGA,1,9.51160842035,1.0
GGGGAGATGN,1,9.51160842035,1.0
GGGGAGATGA,1,9.51160842035,1.0
CCTGGGTTTT,1,9.08778078577,0.461538461538
TTCCTGGGTT,1,9.08778078577,0.461538461538
TCCNGGGTTT,1,9.08778078577,0.461538461538
NTCCTGGGTT,1,9.08778078577,0.461538461538
TCCTGGGTTN,1,9.08778078577,0.461538461538
TCCTGGGTTT,1,9.08778078577,0.461538461538
CCTGGGTTNT,1,9.08778078577,0.461538461538
TAGCATGCAA,1,10.2918286071,0.4
