Motif,Occurrences,StrandBiasScore,ERD
NCNNNTGT,26423,10.4707711376,0.00350200715027
NNGTGNTG,16017,7.99737183624,0.00320517640113
NCNNTNGT,30311,10.0616890372,0.00311030065524
TNNNNTGT,26064,8.62332199304,0.00309145148059
NNNNTTGT,33329,11.0143220776,0.00306214464732
NNANNTGT,25300,8.14738769814,0.00301302992221
NTNNNTGT,29585,9.25729875393,0.00299309099856
CNNNTNGT,30543,8.88938692923,0.00291300888905
NNNANTGT,26912,7.74078983812,0.00289415707908
NNGNTNGT,36820,10.385897082,0.0028826604602
CNNNNTGT,31552,7.96610889414,0.0027420728145
NNCANTNT,40108,8.43222970853,0.00272200166554
NNNNATGT,28520,7.31286815405,0.00270908448348
NNGNNTGT,28034,6.96190172969,0.00269367335447
NNNGNTGT,39489,9.32969154376,0.00267594148065
NNNGTNGT,32386,7.35198171848,0.00257174188341
NNNNCTGT,33294,7.10463134983,0.00252053358458
GNNNNTGT,33281,7.01611986151,0.00249503038815
NTNGNNGT,34485,7.20228801763,0.0024875692634
NNTNNTGT,33355,6.95992219534,0.00247577599087
NNNNTGGT,47859,7.00691692155,0.00214538790645
NNGTNNTG,43456,7.94517776292,0.00198839468492
TNNNGNTG,60784,11.5722485089,0.00193393933063
NNGNGNTG,53259,9.07530605247,0.00184928596752
TNNNNATG,41350,7.17416487078,0.00172581560401
NNNTGNTG,72162,7.36712649697,0.00140211333442
NNNNGCTG,73981,7.11523099117,0.00134474264013
