Motif,Occurrences,StrandBiasScore,ERD
TGCTAAGA,28,6.91451558376,0.203492063492
TCCGAACA,69,16.1195337961,0.187523203016
