Motif,Occurrences,StrandBiasScore,ERD
CNTG,26785,5.02149113817,0.00557525969343
NTTG,83728,6.61271873153,0.00419174223357
TNGT,75417,6.47091541871,0.00376165320463
NTGT,104079,5.35251136137,0.0029638373338
NNGT,195291,7.35935308312,0.00251860553155
