Motif,Occurrences,StrandBiasScore,ERD
ACCGTACC,75,7.63814794358,0.0946680504321
ANGACGAG,594,7.62685300338,0.0256919686638
ANGACNAG,2059,6.92794287064,0.0127517444882
