Motif,Occurrences,StrandBiasScore,ERD
ACGNCNNC,24642,7.22161387282,0.00424982161249
CNNNCNGA,46411,7.87414793754,0.00335597646329
