Motif,Occurrences,StrandBiasScore,ERD
CNGA,125003,4.37570283837,0.00136955697288
NNGA,430410,4.35969691365,0.000741534616902
