Motif,Occurrences,StrandBiasScore,ERD
CCAGNACNAC,495,9.2550901483,0.0292914485674
NCGCCACGCN,1725,8.72468628691,0.0196778906804
