Motif,Occurrences,StrandBiasScore,ERD
CCGA,56857,4.88840945566,0.00232562603719
CNGA,125003,6.63318492025,0.0018568030019
NCGA,199210,7.57850567721,0.00158437702207
CCNC,202477,5.71359109711,0.00136721028157
CNNC,994712,13.230014651,0.000952975348132
TNNC,411841,4.46870664778,0.000823952838907
