Motif,Occurrences,StrandBiasScore,ERD
NNGT,156485,4.18964620895,0.00205753652757
