Motif,Occurrences,StrandBiasScore,ERD
NGGGGCGAGA,1,10.6044997782,1.0
TCCGTTCTTA,1,9.50381617989,1.0
NGGGGCNAGA,1,10.6044997782,1.0
NGGNGCGAGA,1,10.6044997782,1.0
GGGNCGAGNT,1,10.6044997782,1.0
NGGGGCGNGA,1,10.6044997782,1.0
GGNGCGAGAT,1,10.6044997782,1.0
GGNGCGAGAN,1,10.6044997782,1.0
TGGGGCGAGA,1,10.6044997782,1.0
TGGGGCGAGN,1,10.6044997782,1.0
GGGNCGNGAT,1,10.6044997782,1.0
TGGGGCGNNA,1,10.6044997782,1.0
GNGGCGAGAT,1,10.6044997782,1.0
TNGNGCGAGA,2,10.6044997782,1.0
GNGNCGAGAT,1,10.6044997782,1.0
GGGGNGAGNT,1,10.6044997782,1.0
TNGGGCGANA,1,10.6044997782,1.0
TNGGGCGAGA,1,10.6044997782,1.0
TGGGGCNAGA,1,10.6044997782,1.0
GGNNCGAGAT,1,10.6044997782,1.0
GGNGCGAGNT,1,10.6044997782,1.0
NGGGGCGAGN,1,10.6044997782,1.0
GGGGCNNGAT,1,10.6044997782,1.0
TCCGNTCTTA,1,9.50381617989,1.0
GGGGCNAGAN,1,10.6044997782,1.0
GGGGCNAGAT,1,10.6044997782,1.0
TGNGGCGAGN,1,10.6044997782,1.0
GGGGCGNGAT,1,10.6044997782,1.0
NGGGNGAGAT,1,10.6044997782,1.0
TCCGTNCTTA,1,9.50381617989,1.0
TCCGTTCTNA,1,9.50381617989,1.0
GGGGCGAGAT,1,10.6044997782,1.0
GGGGCGAGAN,1,10.6044997782,1.0
GGGGNGAGAT,1,10.6044997782,1.0
NNGGGCGAGA,1,10.6044997782,1.0
GGGNCGAGAT,1,10.6044997782,1.0
GGGGCGAGNT,1,10.6044997782,1.0
GGGGCGAGNN,1,10.6044997782,1.0
TGGGGCGANA,1,10.6044997782,1.0
TGGNGCGAGA,1,10.6044997782,1.0
TGGNGCGAGN,1,10.6044997782,1.0
TGGGNCGAGA,1,10.6044997782,1.0
TNGGGCGNGA,1,10.6044997782,1.0
TGGGGCGNGA,1,10.6044997782,1.0
NGGGCGNGAT,1,10.6044997782,1.0
GNNGCGAGAT,1,10.6044997782,1.0
TGGGNCGAGN,1,10.6044997782,1.0
NGGGCGAGAT,1,10.6044997782,1.0
NGGGCGAGAN,1,10.6044997782,1.0
TNGGGCGAGN,1,10.6044997782,1.0
TGNGGCGAGA,1,10.6044997782,1.0
GNGGCGAGNT,1,10.6044997782,1.0
GGGGCGNGAN,1,10.6044997782,1.0
