Motif,Occurrences,StrandBiasScore,ERD
ATTGACNGGT,1,12.352342613,1.0
NTTGACAGGT,1,12.352342613,1.0
ATTGACAGGN,1,12.352342613,1.0
ATTGACAGGT,1,12.352342613,1.0
ANTGACAGGT,1,12.352342613,1.0
TNAAGGCCGA,1,9.51160842035,1.0
TNNAGGCCGA,1,9.51160842035,1.0
TANAGGCCGA,1,9.51160842035,1.0
TANNGGCCGA,1,9.51160842035,1.0
TAANGGCCGA,1,9.51160842035,1.0
TAAAGGCCGA,1,9.51160842035,1.0
TCCCCTTAAG,1,10.0116667714,1.0
TCCCCNTAAG,1,10.0116667714,1.0
TTCTTCGTGT,1,15.7458784692,0.909090909091
GTGGGGGAAA,2,25.0558004999,0.692307692308
TAGTGGGNGA,1,23.3524874392,0.642857142857
TAGTGGGGGA,1,23.3524874392,0.642857142857
