Motif,Occurrences,StrandBiasScore,ERD
TGAGAGTGAG,1,10.6044997782,1.0
TGAGNGTGAG,1,10.6044997782,1.0
ATNCACGAGT,2,10.877336944,1.0
AATTGTTCCC,2,10.0116667714,1.0
CTAGTCTTTC,1,8.92822196035,1.0
TTCCGANCCT,1,10.6200107782,0.444444444444
TCCGAANCTT,1,10.6200107782,0.444444444444
TTCCGAACCT,1,10.6200107782,0.444444444444
CCGANCCTTT,1,10.6200107782,0.444444444444
TNCCGAACCT,1,10.6200107782,0.444444444444
CCGAACCTTT,1,10.6200107782,0.444444444444
TCCGAACCTT,1,10.6200107782,0.444444444444
TCCGAACCNT,1,10.6200107782,0.444444444444
