Motif,Occurrences,StrandBiasScore,ERD
NGCG,116914,8.17391322767,0.0003595888709
ANCG,115230,7.14942104781,0.000345896061097
GNTG,129085,6.64957362334,0.000315457588219
NTTG,141850,5.12088251273,0.000308436343932
NAGA,83480,4.42574787848,0.000298636266839
ANNG,400562,11.3521367773,0.000259949844089
ANTG,115887,4.12668518498,0.00024457402335
NNTG,443303,11.7938392667,0.000235892290377
NNCG,361360,8.24558374528,0.000218465044262
NCNG,353658,6.83762827062,0.000205822406967
CNNG,313996,5.66118875516,0.000205346766891
NANG,355345,5.42324337258,0.000193182855503
NGNG,343086,4.33350642227,0.000172341733029
NNTA,287964,4.32399598377,0.000171927282493
GNNG,371894,4.24949274954,0.000162337794495
NTNG,400914,4.28860504522,0.000160182066474
