Motif,Occurrences,StrandBiasScore,ERD
CNNG,313996,4.14524893471,0.000168802010516
NNTG,443303,5.67028062588,0.000159060669908
