Motif,Occurrences,StrandBiasScore,ERD
NTNCCCCTGA,2,10.5260548327,1.0
ANCCCCCTGA,1,10.2473012317,1.0
ATCCCCCTGA,1,10.2473012317,1.0
ANNCCCCTGA,1,10.2473012317,1.0
NTCCCCCTGA,1,10.2473012317,1.0
ATCCCCCNGA,1,10.2473012317,1.0
ATNCCCCTGA,1,10.2473012317,1.0
