Motif,Occurrences,StrandBiasScore,ERD
CCAGGTTCTT,23,9.74569162638,1.0
TCTCNANAGA,11,9.16774343532,1.0
TCTNGANAGA,18,9.04964412324,1.0
CNGGCTTANC,18,8.54199104934,1.0
GNGGGCCGTT,36,9.90968573363,1.0
ATTTGTNGAA,10,8.54199104934,1.0
CACGGGGCNT,18,9.06699757802,1.0
GCTTNTATTN,28,8.45651445751,1.0
TCTNGAAAGA,13,8.26382393664,1.0
AGACTGGCNT,17,9.28269795102,1.0
AATCATGNGG,14,9.01584505557,1.0
ACACNGTTGN,23,11.2214395947,1.0
NNTGAGGCTC,27,10.1930953647,0.962962962963
CTACCGCGCG,27,10.7174997664,1.0
