Motif,Occurrences,StrandBiasScore,ERD
GACGTCAA,114,20.7524675726,0.18650137741
TAAGGACA,41,7.0666114749,0.167089741675
AACTTGCA,69,9.24506066163,0.136969981238
GGAACTTC,105,7.6485634664,0.0881583012211
