Motif,Occurrences,StrandBiasScore,ERD
TCANTGTTGG,1,10.0116667714,1.0
ACTAANGNGC,1,13.0755360318,1.0
ACNAAAGGGC,1,13.0755360318,1.0
ACTAAAGNGC,1,13.0755360318,1.0
ACTAAAGGGC,1,13.0755360318,1.0
ACTANNGGGC,1,13.0755360318,1.0
ACTANAGNGC,1,13.0755360318,1.0
ACTAAAGGNC,1,13.0755360318,1.0
ACTANAGGGC,1,13.0755360318,1.0
TCATTGTTGG,1,10.0116667714,1.0
ACTAANGGGC,1,13.0755360318,1.0
GTCTATAAGG,1,8.92822196035,1.0
GTCTANAAGG,1,8.92822196035,1.0
TGCGAATTAA,1,8.92822196035,1.0
GTCNATAAGG,1,8.92822196035,1.0
GNCTATAAGG,1,8.92822196035,1.0
GTCTNTAAGG,1,8.92822196035,1.0
CGATTCGGAN,1,12.2296337123,0.857142857143
CGATTCGGAA,1,12.2296337123,0.857142857143
TCGNTTCGGA,1,12.2296337123,0.857142857143
TCNATTCGGA,1,12.2296337123,0.857142857143
NCGATTCGGA,1,12.2296337123,0.857142857143
NCGATTCGGN,1,12.2296337123,0.857142857143
CGANTCGGAA,1,12.2296337123,0.857142857143
CGATTCGGNN,1,12.2296337123,0.857142857143
CGATTCGGNA,1,12.2296337123,0.857142857143
CGANTCGGNA,1,12.2296337123,0.857142857143
GATTCGGNAA,1,12.2296337123,0.857142857143
TCGATTCGGN,1,12.2296337123,0.857142857143
TCGATTCGGA,1,12.2296337123,0.857142857143
CGATTCGNAA,1,12.2296337123,0.857142857143
GATTCGGAAA,1,12.2296337123,0.857142857143
CGATTCGNNA,1,12.2296337123,0.857142857143
