Motif,Occurrences,StrandBiasScore,ERD
NTCATAGGGA,1,8.92822196035,1.0
GTTCAGAATT,1,8.92822196035,1.0
TNCATAGGGA,1,8.92822196035,1.0
TTCATAGGGA,1,8.92822196035,1.0
GTTCAGANTT,1,8.92822196035,1.0
TTCANAGGGA,1,8.92822196035,1.0
