Motif,Occurrences,StrandBiasScore,ERD
ATAGTGGCCA,1,8.26382393664,1.0
ATAGTNGCCA,2,8.92822196035,1.0
ATAGTGGCCN,1,8.26382393664,1.0
AACTTTGAGA,1,13.0755360318,1.0
GAACTTTGAG,1,13.0755360318,1.0
TGGGNGGGTG,1,14.189192756,0.95
TGGGGGGGTG,1,14.189192756,0.95
