Motif,Occurrences,StrandBiasScore,ERD
GAGGACATCA,1,8.92822196035,1.0
GGAANGNGGG,1,19.7074061375,1.0
GGNAAGGGGG,1,19.7074061375,1.0
GAAAGGGGGA,1,19.7074061375,1.0
GGAAAGGGGG,1,19.7074061375,1.0
GGAANGGGGG,1,19.7074061375,1.0
GAGGNCATCA,1,8.92822196035,1.0
GGAAANGGGG,1,19.7074061375,1.0
GANAGGGGGA,1,19.7074061375,1.0
GGAAAGNGGG,1,19.7074061375,1.0
