Platform,Organisms,BAMs,WAvg Reads,PStdDev Reads,WAvg Read Length,PStdDev Read Length,Avg SNPs,StdDev SNPs,Avg Indels,StdDev Indels,Tot SNPs-motifs,Tot SNPs-motifs 0.05,Common SNPs-motifs,Common SNPs-motifs 0.05
gaii-x,6,9,1.1991e+07,1.64589e+07,78.5281,0,798.333,1109.75,170.667,236.951,133909,4209,5371,639
hiseq,6,24,1.58172e+07,2.08986e+07,80.5933,0,236.542,660.526,65.6667,154.993,204418,1468,20301,394
ion-torrent,4,13,6.67047e+06,1.15508e+07,170.243,63.706,950.692,2740.77,6054,16893.4,122116,201,1733,0
miseq,6,16,2.72883e+06,1.64295e+06,156.312,11.3206,379.5,706.627,101.688,217.066,162228,1046,3737,105
pacbio,5,87,9138.78,21850.8,928.086,410.603,41.1839,122.67,697.23,3551.46,3375,38,0,0
minion,1,8,24791.8,21538.2,5545.68,4341.34,1314.12,663.016,95,251.346,12,12,12,12
