Motif,Occurrences,StrandBiasScore,ERD
CCGACTAGGG,1,67.7139498982,0.973214285714
CCNACTAGGG,1,67.7139498982,0.973214285714
