Motif,Occurrences,StrandBiasScore,ERD
TNAAGTTACA,17,8.31783181313,0.409982174688
NAGCGGTCCA,22,8.46901712441,0.380156075808
CTGGATAACA,20,8.30990093502,0.380080482897
GCGTGGGTAA,22,9.46125949848,0.378629500581
GTTGNGAACA,26,10.9241218234,0.357118758435
GTCAGGATAA,23,9.83905819612,0.351588628763
CATTCCTGAA,22,8.17154725581,0.329612220917
AGCAGGATAA,26,9.39613011293,0.327972027972
CTATNTCAAA,30,9.44366163765,0.318774703557
TTNCGTCACA,26,8.76639745621,0.315164728682
NTCGGTAACA,49,15.5493069645,0.314792899408
TGTNATAACA,27,8.36163561681,0.3125
AAANGAGTCA,30,8.98518149324,0.309015525759
ATCGGANCAA,26,9.61877366678,0.307503770739
GCCGGCNTCG,19,8.6849114151,0.306666666667
AAGACCGTNA,27,8.91209401359,0.304184704185
GGCGGCACAA,33,9.92974084056,0.299789473684
TATNTAAACA,33,9.7091431408,0.299341183067
TNATGCGACA,29,9.61421073861,0.296597568442
GCGTGGTAAA,26,9.48348442062,0.291125087352
TCNGCAGACA,40,10.4697704072,0.289459745763
TNTGCGGACA,24,8.25248467547,0.28421665696
NAAGTTAACA,27,8.21367929164,0.280197496032
AAATCCNACA,28,8.1463310698,0.277834612106
AGGANTAACA,28,8.44714532365,0.271706132362
CAANCTGACA,37,10.4293001747,0.271391029353
TTGCGANACA,35,9.94396933448,0.270469083156
TTCGACCANA,33,9.35141626422,0.268044619423
TTGCGTGNAA,37,11.0410592048,0.265927176272
GTCTGNACAA,42,10.0923627672,0.263511381564
CACNCCAACA,33,8.20685085668,0.261479198767
GCTTNTGACA,35,8.38927171618,0.259844054581
GTCNGAACAA,32,8.41348727423,0.256859756098
NCACCCAACA,37,8.22205672432,0.256701754386
TGNGATAACA,38,11.0562123587,0.251276552288
GAACTNAACA,42,9.79136823652,0.250328342527
TTGTNTAACA,29,9.38996921352,0.250064516129
AGNTGTCGAA,42,12.1170224598,0.249096622152
TNCTATCGAA,27,9.12055727842,0.242424242424
CNTTCTGACA,42,9.22566158557,0.239288307916
AAAGNAGTCA,40,9.56096376201,0.223165554882
TCAGGCTGAA,36,8.31732653335,0.222552910053
ANAATTTGAA,46,9.48688368097,0.217824710859
TCTACGNCAA,44,8.15252333056,0.21301982804
TTTCCNTGCA,35,8.38384346412,0.21042228212
ACTANNAAGA,70,10.3838614539,0.187220566319
AGTTGNCGAA,49,9.06460015549,0.182789432789
TAGCNNAAGA,78,10.8658824956,0.182471903661
GNCATCAAGA,67,12.601419833,0.181194845568
TCTNTAAAGA,51,8.18745956188,0.177658942365
ATNTNAATTC,111,14.8047147504,0.161434977578
NCTCNAAAGA,59,8.39660656153,0.16097091874
