Motif,Occurrences,StrandBiasScore,ERD
AGTTCAGTTT,1,8.26382393664,1.0
AGNTCAGTTT,1,8.26382393664,1.0
AGTTCAGTNT,1,8.26382393664,1.0
TNTCACTCGT,1,8.26382393664,1.0
TTTCACTCGN,1,8.26382393664,1.0
TTTCACTCGT,1,8.26382393664,1.0
GTCAAGTTGA,1,12.5010415654,1.0
TAAGCCAACT,1,8.92822196035,1.0
