Motif,Occurrences,StrandBiasScore,ERD
NCCNNCAN,1823,8.3066681611,0.0139587988035
NNCATNAN,1561,6.92880681549,0.0114477382733
GNCCNNNG,1295,7.41654231097,0.0114134368059
NCCANCNN,2189,7.32720264596,0.00954494128411
