Motif,Occurrences,StrandBiasScore,ERD
NCGA,5357,7.19326786406,0.00515643698151
AGNA,5294,5.44295955126,0.00413298493736
NGAG,5283,5.0485725254,0.00400933948449
AGAN,4999,4.60655344929,0.00394610232219
AGNG,5013,5.89148486657,0.00382658428629
NCAG,6907,6.50241970651,0.00372370418084
CNTA,2816,4.13727999992,0.00365365741486
NCAT,5657,6.06248529802,0.00357571391514
NGAC,4653,4.18349847394,0.00300186433979
NGAN,21946,8.99264097281,0.002624315721
NNAG,20613,7.79036797277,0.00220089795454
AGNN,20612,7.16942620661,0.0021622103871
NNGA,21946,6.67998073928,0.00206856425613
NCAN,23818,6.15757497552,0.00179667266186
TNAN,18942,4.46384638525,0.00157111440819
