Motif,Occurrences,StrandBiasScore,ERD
TACTAAGA,18,8.52410446709,0.153409256401
AGTCAAGA,21,10.3337513576,0.152260446513
TTCAATTC,94,24.5162679441,0.09521243102
