Motif,Occurrences,StrandBiasScore,ERD
GCNTNCAGTC,1,14.7033234459,1.0
GCANTCAGNC,1,14.7033234459,1.0
ANGGGAGTTT,1,8.18604089058,1.0
GCATTCAGNC,1,14.7033234459,1.0
GCATNCAGNC,1,14.7033234459,1.0
TCAGTCAAAA,1,14.7033234459,1.0
TTCAGTCANA,1,14.7033234459,1.0
AGGGAGTNTT,1,8.18604089058,1.0
GNATTCAGNC,1,14.7033234459,1.0
AGGGAGTTTN,1,8.18604089058,1.0
AGGGAGTTTT,1,8.18604089058,1.0
AAGGGAGTTN,1,8.18604089058,1.0
AAGGGAGTTT,1,8.18604089058,1.0
TCAGTCNAAA,1,14.7033234459,1.0
TGTGTACGTN,2,10.8383658387,1.0
NAGGGAGTTT,1,8.18604089058,1.0
AGGGAGTNNT,1,8.18604089058,1.0
GCANTCAGTC,1,14.7033234459,1.0
CNTTCAGTCA,1,14.7033234459,1.0
CAGTCAAAAA,1,14.7033234459,1.0
GCNTTCAGNC,1,14.7033234459,1.0
GNNTTCAGTC,1,14.7033234459,1.0
GNATTCAGTC,1,14.7033234459,1.0
TANGGGAGTT,1,8.18604089058,1.0
GNANTCAGTC,1,14.7033234459,1.0
GCATNCAGTC,1,14.7033234459,1.0
TTCAGTCAAA,1,14.7033234459,1.0
CATTCAGNCA,1,14.7033234459,1.0
AGGGAGTTNT,1,8.18604089058,1.0
GCANNCAGTC,1,14.7033234459,1.0
NAAGGGAGTT,1,8.18604089058,1.0
GCATTCAGTC,1,14.7033234459,1.0
TTCAGTCNAA,1,14.7033234459,1.0
TAAGGGAGTT,1,8.18604089058,1.0
CATTCAGTCA,1,14.7033234459,1.0
GCNTTCAGTC,1,14.7033234459,1.0
TGTGTACGTA,1,9.51160842035,1.0
GCNNTCAGTC,1,14.7033234459,1.0
