Motif,Occurrences,StrandBiasScore,ERD
GAGATAAAGA,12,9.34571109037,0.365317341329
ATTCCNAACA,15,11.7060130667,0.352527815733
GAGTGAACAA,10,8.49765666362,0.348484848485
TANTATCACA,15,8.68287764709,0.3375
GAGNTAAAGA,30,18.0602013243,0.333772893773
ATCGTCTGAA,13,8.1824663962,0.315068493151
GAGTGNACAA,19,9.97318295726,0.285936285936
TGATACTGAA,15,8.31247319276,0.269662921348
ATCTTGNTAA,24,9.23394236743,0.266713172887
CNAGTGACCA,29,10.3471238116,0.265139116203
CGTGAGTANA,18,8.1983177892,0.26498470948
ANAATAGACA,23,9.2421022268,0.259047619048
TCNACCAAGA,19,8.32824014678,0.257425742574
AGCTNTAACA,20,8.4106882304,0.251014492754
ATGNCTAACA,25,8.15732106388,0.24865381275
GGAGTNAACA,25,8.66179362105,0.240019426906
GGTAANATAA,29,8.76953649897,0.239244199509
TANGGAAACA,20,9.02863443479,0.232016969243
TAGTGAAGNA,23,9.07253621879,0.229501152389
CCCGNTAACA,33,10.2054641919,0.228609625668
TCTNCCAACA,29,8.16854294622,0.226746611053
TATCNGAACA,39,10.16307481,0.215561536579
ANGNCTAACA,59,16.3587608356,0.215261195593
CGAGTCNGCA,25,8.44808431692,0.210238095238
GNGCCAAAGA,37,10.3334288873,0.209969608486
TCNNCCAAGA,35,9.73545770401,0.209492635025
CTNTCCTGCA,34,9.96955274916,0.20786005272
ACNGGGAACA,34,9.31068300161,0.202272727273
TCATNACAGA,36,11.0943328188,0.20205553164
CGTANCAACA,31,8.38537746064,0.199966838004
ACGNAGTGAA,36,10.5088238785,0.19981262583
CNTTNGGACA,38,10.2187876602,0.199750541856
GNAGTTACCA,33,9.87278096841,0.199426808831
GGTNGTACAA,29,8.22563932698,0.198566166798
ACNCGGAACG,30,8.30041401181,0.194475206103
NNTCCGAACA,69,16.1195337961,0.187523203016
TGACGGTGAA,36,8.35642271147,0.177292535051
CTATCNNAGA,33,8.30560417307,0.173451327434
GCNCCAAAGA,31,8.7611736394,0.173330942562
TNNACCAAGA,46,11.0923673559,0.171724694346
CNNCCAAGCA,49,11.5103459334,0.170198961938
TANCATANGA,35,8.78919564601,0.16914556962
TNANTTCCAA,44,9.5336606422,0.158826164875
NCNACCAAGA,61,10.6421420629,0.156943083638
AAACANAAGA,38,8.33306501803,0.155774278215
CCNNTCAAGA,53,9.93793980064,0.155693893432
GNCCATCGAA,39,8.94878271801,0.152295836943
GANTNACAGA,77,14.5187935624,0.151756928553
GNNCCAAAGA,92,14.4844933162,0.139576099276
TNCACNAAGA,62,9.28561066671,0.130542467077
NCGGNCAAGA,74,10.4410532864,0.129563553157
CCGCANATTC,60,8.62505437957,0.114189348415
