Motif,Occurrences,StrandBiasScore,ERD
TCAGATCAAT,1,10.6044997782,1.0
TCAGNTCAAT,1,10.6044997782,1.0
GAACACTGNA,1,21.1980575485,1.0
CAGATCAATT,1,10.6044997782,1.0
GAACACTGAA,1,21.1980575485,1.0
TTTGGGGTAA,1,22.0473542851,0.875
