Motif,Occurrences,StrandBiasScore,ERD
TATCTGTTGC,1,10.4661058171,1.0
TATCNGTTGC,1,10.4661058171,1.0
TGGCTAGCAA,1,13.6732901807,1.0
GCTAGCAAAA,1,13.6732901807,1.0
AGAGACTGNA,2,9.50381617989,1.0
GGCTAGCAAA,1,13.6732901807,1.0
GGCTAGCAAN,1,13.6732901807,1.0
NGCTAGCAAA,1,13.6732901807,1.0
GCTAGCAAAN,1,13.6732901807,1.0
NGGCTAGCAA,1,13.6732901807,1.0
