Motif,Occurrences,StrandBiasScore,ERD
NNTG,443303,4.54285588309,0.000261319646765
