Motif,Occurrences,StrandBiasScore,ERD
ATGT,22853,4.54214576522,0.0057237160345
